date,group
2015-01-01,998800.0
2015-01-02,1003245.9618622393
2015-01-05,1001800.7207685434
2015-01-06,996263.2020742969
2015-01-07,982783.1424293655
2015-01-08,984872.3990819758
2015-01-09,979095.692116587
2015-01-12,979638.4962273989
2015-01-13,995168.8588366178
2015-01-14,989422.7901264285
2015-01-15,987414.2746900588
2015-01-16,991469.6595989931
2015-01-19,992879.5114368584
2015-01-20,973087.5289202889
2015-01-21,980815.0190177795
2015-01-22,983897.0437181903
2015-01-23,961297.3231038376
2015-01-26,952653.5136946337
2015-01-27,952787.7493808893
2015-01-28,958104.5572028307
2015-01-29,948230.3426777245
2015-01-30,947736.5993453114
2015-02-02,945520.5158671738
2015-02-03,961533.1622201531
2015-02-04,949565.5910839101
2015-02-05,951348.2819618091
2015-02-06,956001.8882556271
2015-02-09,950096.4452616095
2015-02-10,946738.4938116949
2015-02-11,942402.4351451832
2015-02-12,943384.4102452956
2015-02-13,953288.20378447
2015-02-16,956199.061191967
2015-02-17,952463.2498791423
2015-02-18,944819.1378936211
2015-02-19,947570.167085581
2015-02-20,955134.2002675454
2015-02-23,969038.701109793
2015-02-24,965595.1632202395
2015-02-25,969864.6242826721
2015-02-26,965981.899055301
2015-02-27,967181.9405149578
2015-03-02,951459.9943323401
2015-03-03,954018.8313410945
2015-03-04,952607.6938912931
2015-03-05,952387.198281556
2015-03-06,949755.0475388472
2015-03-09,950339.5192304207
2015-03-10,957732.5565373611
2015-03-11,964118.9587618387
2015-03-12,961956.8701516343
2015-03-13,963350.4607044549
2015-03-16,965136.2085939078
2015-03-17,952059.3259817264
2015-03-18,955004.9951024465
2015-03-19,958050.9195308408
2015-03-20,971855.896845296
2015-03-23,967062.2188956832
2015-03-24,974274.2789082617
2015-03-25,987392.147843302
2015-03-26,980548.2211477483
2015-03-27,980718.7502741206
2015-03-30,990180.4551730317
2015-03-31,990867.0166895847
2015-04-01,985841.1457157158
2015-04-02,986272.4969838256
2015-04-03,992103.1978376139
2015-04-06,997727.047048064
2015-04-07,1006973.6244427506
2015-04-08,999034.2215231145
2015-04-09,1025241.6911664151
2015-04-10,1008952.8526496282
2015-04-13,991877.732228531
2015-04-14,993439.4682598931
2015-04-15,987197.7198136594
2015-04-16,996907.8926528001
2015-04-17,997402.0792498206
2015-04-20,1006156.2628662814
2015-04-21,1006243.8899254075
2015-04-22,1003700.5873571145
2015-04-23,1019362.1072409004
2015-04-24,1019126.8641808385
2015-04-27,1007354.7702095304
2015-04-28,1012132.519146347
2015-04-29,1013714.8040382159
2015-04-30,1014730.2151894732
2015-05-01,1016994.5231777502
2015-05-04,1023162.4967305285
2015-05-05,1012444.078842144
2015-05-06,1020264.1871217075
2015-05-07,1023720.5788309153
2015-05-08,1023501.1712897891
2015-05-11,1027838.2985647919
2015-05-12,1007639.5656078677
2015-05-13,1010505.0268655834
2015-05-14,1010123.5642738484
2015-05-15,1027170.8631699537
2015-05-18,1028915.4079295415
2015-05-19,1025184.8556422204
2015-05-20,1025411.3169723304
2015-05-21,1029541.5069051795
2015-05-22,1029590.4464305071
2015-05-25,1040090.8092825537
2015-05-26,1043098.1539663569
2015-05-27,1048204.9039000424
2015-05-28,1050034.7684594626
2015-05-29,1047461.2646232214
2015-06-01,1052376.1489749157
2015-06-02,1047431.2736149892
2015-06-03,1055701.665305587
2015-06-04,1047352.2311713804
2015-06-05,1057781.8340367214
2015-06-08,1053335.7789374013
2015-06-09,1061836.1683353295
2015-06-10,1062376.6951138652
2015-06-11,1050922.1912435947
2015-06-12,1057681.4553642678
2015-06-15,1053790.3589228247
2015-06-16,1044778.8005120392
2015-06-17,1039454.9541555453
2015-06-18,1048435.5176420661
2015-06-19,1054759.9917106647
2015-06-22,1050986.3050925122
2015-06-23,1041921.3062344883
2015-06-24,1029608.6020136946
2015-06-25,1003815.8536941381
2015-06-26,997464.3210643413
2015-06-29,996613.6717238105
2015-06-30,997874.3349871256
2015-07-01,1001216.5626237273
2015-07-02,1000599.2218805734
2015-07-03,1021584.059163172
2015-07-06,1021135.8051494722
2015-07-07,1038443.2214851832
2015-07-08,1036195.868184678
2015-07-09,1045547.9649603489
2015-07-10,1037304.1588970235
2015-07-13,1036727.9737514073
2015-07-14,1036526.2299079853
2015-07-15,1043887.8756215625
2015-07-16,1048699.3196271956
2015-07-17,1049312.637797174
2015-07-20,1048563.0692616359
2015-07-21,1040732.1085140557
2015-07-22,1028375.445207715
2015-07-23,1038129.1062147936
2015-07-24,1042892.2477671972
2015-07-27,1043507.1921632275
2015-07-28,1060263.060917791
2015-07-29,1068201.114113006
2015-07-30,1056235.7443989133
2015-07-31,1053609.2622475608
2015-08-03,1056247.1632043808
2015-08-04,1051181.9488263768
2015-08-05,1047413.4039144579
2015-08-06,1050558.0017095492
2015-08-07,1044600.4199844084
2015-08-10,1054174.113157468
2015-08-11,1057509.0484148941
2015-08-12,1051104.9168834314
2015-08-13,1055414.4748443477
2015-08-14,1042390.8433865393
2015-08-17,1047137.7524714147
2015-08-18,1051790.1882369753
2015-08-19,1045287.7208016765
2015-08-20,1038858.641934541
2015-08-21,1026553.8834158508
2015-08-24,1032166.3969637658
2015-08-25,1040685.6387127899
2015-08-26,1027910.3976842384
2015-08-27,1035358.5883630249
2015-08-28,1049801.5574306985
2015-08-31,1052180.4523007292
2015-09-01,1064899.1448208564
2015-09-02,1063430.8967890353
2015-09-03,1071956.5287993213
2015-09-04,1074798.077638825
2015-09-07,1059747.2762425835
2015-09-08,1062919.7879350195
2015-09-09,1063515.2616278615
2015-09-10,1063956.1291650797
2015-09-11,1069442.2744979681
2015-09-14,1078162.0006484548
2015-09-15,1085292.2654766375
2015-09-16,1087247.072501069
2015-09-17,1072439.9505712886
2015-09-18,1057922.8696071878
2015-09-21,1071527.4774229801
2015-09-22,1076903.4953590948
2015-09-23,1062128.9146301039
2015-09-24,1069247.9793684036
2015-09-25,1063696.6683174062
2015-09-28,1064862.9204572646
2015-09-29,1061451.9122481428
2015-09-30,1042746.7272998381
2015-10-01,1058873.4806475367
2015-10-02,1065207.255475866
2015-10-05,1078116.1131030112
2015-10-06,1079033.1346941344
2015-10-07,1082609.917643222
2015-10-08,1089443.49247041
2015-10-09,1085101.1209359858
2015-10-12,1093696.5146295195
2015-10-13,1077932.7293743193
2015-10-14,1077419.7915366832
2015-10-15,1087960.127169862
2015-10-16,1097734.5854408129
2015-10-19,1082773.6066982832
2015-10-20,1070741.1075025913
2015-10-21,1072759.6835593723
2015-10-22,1066664.4497441992
2015-10-23,1060787.1812513147
2015-10-26,1065592.130112512
2015-10-27,1043724.2434214108
2015-10-28,1051763.718826916
2015-10-29,1062916.9836224793
2015-10-30,1060554.176744568
2015-11-02,1078638.2587016376
2015-11-03,1066644.0671019198
2015-11-04,1052648.1709048892
2015-11-05,1054628.2565421958
2015-11-06,1038953.529144542
2015-11-09,1038049.901666843
2015-11-10,1035031.412410824
2015-11-11,1022735.3659549893
2015-11-12,1012947.5622232837
2015-11-13,1009644.8523456437
2015-11-16,1002578.8686210259
2015-11-17,1003812.8300108585
2015-11-18,1015615.8252427567
2015-11-19,999304.2607871621
2015-11-20,991621.1971739426
2015-11-23,997970.8879794425
2015-11-24,998487.9096687401
2015-11-25,989360.9920054516
2015-11-26,995643.5177756563
2015-11-27,996147.0387465742
2015-11-30,993210.0269352123
2015-12-01,1006352.0127072157
2015-12-02,1009079.9713684404
2015-12-03,1008774.739051232
2015-12-04,1010076.8181147174
2015-12-07,1012139.2724731121
2015-12-08,1012692.4707832832
2015-12-09,1018632.3957337351
2015-12-10,1023257.5554768185
2015-12-11,1022478.4413883808
2015-12-14,1018249.8367636652
2015-12-15,1013617.7741748657
2015-12-16,1012027.8311078711
2015-12-17,1010955.6049498504
2015-12-18,1008011.4510605519
2015-12-21,1006041.2983537602
2015-12-22,1014897.8973064574
2015-12-23,1027239.6022814729
2015-12-24,1015568.2686237663
2015-12-25,1000359.1555237179
2015-12-28,1001544.7624282974
2015-12-29,985840.2433547089
2015-12-30,977774.9868337244
2015-12-31,986770.1444834482
2016-01-01,994841.0684103004
2016-01-04,1003159.0436463268
2016-01-05,1007409.7006319663
2016-01-06,1006272.5629236717
2016-01-07,1017856.6052185004
2016-01-08,1016438.4679350324
2016-01-11,1009368.6071069222
2016-01-12,1011243.1382585919
2016-01-13,1011737.2416524725
2016-01-14,1014449.8334839167
2016-01-15,1015741.0717143764
2016-01-18,1016101.8000600286
2016-01-19,1029104.0466013136
2016-01-20,1032486.4209988031
2016-01-21,1029939.4259205402
2016-01-22,1026070.0613938605
2016-01-25,1023188.3956020416
2016-01-26,1010502.6519316989
2016-01-27,1003319.0657978923
2016-01-28,1012267.3680561449
2016-01-29,1015242.9952315732
2016-02-01,1006235.0880940489
2016-02-02,986281.3488640331
2016-02-03,986571.867714647
2016-02-04,996874.27715586
2016-02-05,1009673.8058999158
2016-02-08,996635.7508835049
2016-02-09,988544.7918010354
2016-02-10,978030.4375561757
2016-02-11,980010.2902119858
2016-02-12,988897.693916471
2016-02-15,996894.6211211076
2016-02-16,991124.20107284
2016-02-17,989265.501589264
2016-02-18,980244.1829277722
2016-02-19,972185.6169457978
2016-02-22,966027.788957603
2016-02-23,968870.8693190035
2016-02-24,961550.3153777183
2016-02-25,949622.8346162613
2016-02-26,941986.2953028982
2016-02-29,943520.8333145231
2016-03-01,929009.2164568293
2016-03-02,925530.8328302614
2016-03-03,925280.5443745279
2016-03-04,923001.0085037033
2016-03-07,926826.1536061927
2016-03-08,925857.487565704
2016-03-09,928216.6912191402
2016-03-10,930483.7270008607
2016-03-11,936209.9069568174
2016-03-14,934691.7773686763
2016-03-15,943897.7072277514
2016-03-16,953249.7363957663
2016-03-17,953628.3357666505
2016-03-18,949633.8020338998
2016-03-21,948242.9978954497
2016-03-22,949411.4771513132
2016-03-23,949975.7199926926
2016-03-24,956218.5843934005
2016-03-25,958575.4646600449
2016-03-28,943215.7158987516
2016-03-29,936206.3066471597
2016-03-30,930368.9162513324
2016-03-31,931935.5820167364
2016-04-01,939822.8009608812
2016-04-04,945240.3634569391
2016-04-05,955325.0049692963
2016-04-06,958790.2360965067
2016-04-07,962675.4342241972
2016-04-08,955114.0723524889
2016-04-11,954363.3657989546
2016-04-12,944874.7010206493
2016-04-13,944433.376242564
2016-04-14,941026.1870425483
2016-04-15,942865.5457828974
2016-04-18,942728.8340898971
2016-04-19,940007.6437031087
2016-04-20,939167.0156774658
2016-04-21,954827.2636263452
2016-04-22,979308.5963750125
2016-04-25,982515.7984552826
2016-04-26,989262.5480421418
2016-04-27,997693.0504273379
2016-04-28,999986.037345702
2016-04-29,998881.2073746218
2016-05-02,978375.0960238401
2016-05-03,965452.664010517
2016-05-04,956518.2202991499
2016-05-05,973183.0930463792
2016-05-06,975341.478160248
2016-05-09,986743.4392637789
2016-05-10,991834.9920037774
2016-05-11,990232.8731329897
2016-05-12,992549.7172545061
2016-05-13,982122.3363680599
2016-05-16,974050.1020841392
2016-05-17,971835.034364211
2016-05-18,968079.1909458276
2016-05-19,964510.7689203026
2016-05-20,964566.878187749
2016-05-23,961214.7980674343
2016-05-24,963732.1014918501
2016-05-25,962959.4057462765
2016-05-26,957211.2458512271
2016-05-27,979867.1215696353
2016-05-30,972107.4815611169
2016-05-31,968107.1352153657
2016-06-01,974207.242458838
2016-06-02,972443.2484755211
2016-06-03,968907.5914961852
2016-06-06,974502.6280872651
2016-06-07,981623.7907669158
2016-06-08,983076.2172522108
2016-06-09,1000749.6321569867
2016-06-10,1000266.4715655474
2016-06-13,1008233.0731540066
2016-06-14,997892.6923094247
2016-06-15,1009504.3014192272
2016-06-16,1009374.8767428449
2016-06-17,1004159.0734938531
2016-06-20,999230.6310363408
2016-06-21,998696.080907155
2016-06-22,991526.6986252301
2016-06-23,993451.2601013988
2016-06-24,980939.003964774
2016-06-27,986009.242944066
2016-06-28,997005.4457796903
2016-06-29,997561.9611331685
2016-06-30,1001849.5260368912
2016-07-01,995354.0207252714
2016-07-04,1004735.6812855707
2016-07-05,998529.3823046612
2016-07-06,1006672.9120374916
2016-07-07,999221.4020139128
2016-07-08,1010315.4665377807
2016-07-11,1003130.3424929269
2016-07-12,1001946.5776378968
2016-07-13,998112.2400956196
2016-07-14,999959.4396938807
2016-07-15,1007277.996904725
2016-07-18,994664.2722154272
2016-07-19,991380.0060298027
2016-07-20,986452.4729660442
2016-07-21,966154.6927144917
2016-07-22,976145.1264407404
2016-07-25,978581.9524402845
2016-07-26,987500.5624692169
2016-07-27,993236.1763621112
2016-07-28,995998.4882695156
2016-07-29,1001570.9629900516
2016-08-01,1003550.0104001706
2016-08-02,1014656.2254414697
2016-08-03,1013645.8286890013
2016-08-04,1011267.3911947706
2016-08-05,1014046.6609852912
2016-08-08,1025174.5118045786
2016-08-09,1020196.1163763627
2016-08-10,1027935.7004258975
2016-08-11,1028487.0353105764
2016-08-12,1030287.5902743007
2016-08-15,1016747.8890754463
2016-08-16,1021991.1601585756
2016-08-17,1026098.6840954442
2016-08-18,1017840.2387892976
2016-08-19,1015942.5200647677
2016-08-22,1019283.9177824068
2016-08-23,1009821.8514381389
2016-08-24,1014328.0791710558
2016-08-25,1010072.6792127527
2016-08-26,1013504.4594464219
2016-08-29,1008476.9079707388
2016-08-30,1010426.4285694294
2016-08-31,1017260.0094949423
2016-09-01,1030047.0910127817
2016-09-02,1042561.5547240174
2016-09-05,1042749.7562868304
2016-09-06,1044933.4882748482
2016-09-07,1044721.9711589382
2016-09-08,1036587.626642391
2016-09-09,1037665.6371621833
2016-09-12,1038229.9537006025
2016-09-13,1034097.644752245
2016-09-14,1039083.9706649495
2016-09-15,1033115.3691298024
2016-09-16,1035522.4805775007
2016-09-19,1036916.002308558
2016-09-20,1038454.1836267704
2016-09-21,1036847.6560148114
2016-09-22,1037148.7080940298
2016-09-23,1036300.1915743528
2016-09-26,1040816.509924145
2016-09-27,1036334.5966394658
2016-09-28,1036382.5123069057
2016-09-29,1026166.2480453599
2016-09-30,1022191.1864992172
2016-10-03,1011486.9672102403
2016-10-04,1009454.3025505913
2016-10-05,1005070.0754916819
2016-10-06,1009753.8324624306
2016-10-07,1021488.2502417776
2016-10-10,1023343.7725128051
2016-10-11,1033503.3929770349
2016-10-12,1050234.5989438565
2016-10-13,1041471.1677004687
2016-10-14,1043117.305489725
2016-10-17,1039401.6274839774
2016-10-18,1038852.1492532929
2016-10-19,1043713.3879921797
2016-10-20,1042291.3854427037
2016-10-21,1034232.4659008547
2016-10-24,1036123.2700216145
2016-10-25,1034767.2091945594
2016-10-26,1017679.0856055014
2016-10-27,1011256.145017396
2016-10-28,1022659.710261089
2016-10-31,1023057.1537655966
2016-11-01,1029825.780484555
2016-11-02,1035721.7554596007
2016-11-03,1047744.7911029541
2016-11-04,1058646.204884748
2016-11-07,1056961.684996502
2016-11-08,1048694.9892352037
2016-11-09,1029179.2535457049
2016-11-10,1020659.0062499039
2016-11-11,1024421.6211241297
2016-11-14,1024104.9936785998
2016-11-15,1023105.2373527805
2016-11-16,1040005.4937133688
2016-11-17,1044898.5771078035
2016-11-18,1051316.4940791046
2016-11-21,1046295.3949598018
2016-11-22,1048126.3446882375
2016-11-23,1043335.0540138166
2016-11-24,1035569.2404055581
2016-11-25,1041459.859017835
2016-11-28,1035788.3204911286
2016-11-29,1040494.5954246522
2016-11-30,1046291.6054119322
2016-12-01,1032560.4842671644
2016-12-02,1031614.9889348068
2016-12-05,1027036.6707670754
2016-12-06,1013568.352851327
2016-12-07,1013873.8123261086
2016-12-08,1015378.2528288325
2016-12-09,1015733.5393546642
2016-12-12,1009956.7690462254
2016-12-13,1004675.2886619673
2016-12-14,1001433.2122062312
2016-12-15,1002998.28663338
2016-12-16,1008183.5682836174
2016-12-19,1015593.309206256
2016-12-20,1007971.4357792216
2016-12-21,1007752.5414143464
2016-12-22,1003711.9342517491
2016-12-23,1002981.441524792
2016-12-26,1006139.9307441881
2016-12-27,987564.9841861658
2016-12-28,982694.1301899833
2016-12-29,985571.7879540226
2016-12-30,980166.3627996887
2017-01-02,980468.0366045297
2017-01-03,977545.269165864
2017-01-04,967493.3337082376
2017-01-05,957869.5510525474
2017-01-06,954132.5167629127
2017-01-09,948453.2325456551
2017-01-10,935453.2067670401
2017-01-11,938289.7907908786
2017-01-12,947454.2744385136
2017-01-13,946891.9792139612
2017-01-16,953332.1410589961
2017-01-17,955840.5198944164
2017-01-18,953065.6669308085
2017-01-19,961445.307579461
2017-01-20,968950.1542548556
2017-01-23,969838.5925333721
2017-01-24,960696.2715539767
2017-01-25,968150.5918149701
2017-01-26,961725.4748732187
2017-01-27,956215.1142760266
2017-01-30,956263.7407115863
2017-01-31,967227.3383249773
2017-02-01,970484.6607309375
2017-02-02,967643.4053835879
2017-02-03,963127.2944685298
2017-02-06,963097.7321262199
2017-02-07,955775.0247432799
2017-02-08,945950.9306980111
2017-02-09,939869.0446725963
2017-02-10,941882.6110040704
2017-02-13,928375.2380916639
2017-02-14,924850.2482946273
2017-02-15,931385.7475858922
2017-02-16,918048.1081201232
2017-02-17,912429.0177661555
2017-02-20,900779.7052849086
2017-02-21,900413.465775808
2017-02-22,902974.3344604287
2017-02-23,902304.3411144614
2017-02-24,891375.0441708416
2017-02-27,891066.9535121135
2017-02-28,899611.1666230669
2017-03-01,898179.0315102006
2017-03-02,903445.8357958118
2017-03-03,909196.5912123558
2017-03-06,896063.0952627304
2017-03-07,895085.1528148138
2017-03-08,898681.9118548324
2017-03-09,902443.6955429387
2017-03-10,901160.9490833341
2017-03-13,908823.8435323344
2017-03-14,913197.6006860482
2017-03-15,905611.3294807692
2017-03-16,885280.5122233285
2017-03-17,882887.5006051117
2017-03-20,888693.692871683
2017-03-21,894150.2478943672
2017-03-22,901990.0177809566
2017-03-23,895904.2523330247
2017-03-24,891006.7093040799
2017-03-27,890404.7968990199
2017-03-28,885760.3827063136
2017-03-29,890350.1323487392
2017-03-30,885166.4597655727
2017-03-31,896816.3802685933
2017-04-03,898742.0469674866
2017-04-04,893797.0441794784
2017-04-05,894038.3455880833
2017-04-06,887325.7756827709
2017-04-07,887203.8049725338
2017-04-10,887442.8731348694
2017-04-11,900818.4656018473
2017-04-12,910985.1534447337
2017-04-13,921562.8533610075
2017-04-14,922950.9099999254
2017-04-17,917185.3829366659
2017-04-18,917496.854783059
2017-04-19,910605.0784080961
2017-04-20,906860.9687226918
2017-04-21,912445.0599043318
2017-04-24,937423.1439834193
2017-04-25,933911.1553358273
2017-04-26,946268.1745345567
2017-04-27,936155.619200065
2017-04-28,949061.9577202396
2017-05-01,937324.9267243946
2017-05-02,933147.8948374763
2017-05-03,937708.5268652398
2017-05-04,928386.2119081215
2017-05-05,936237.0256237803
2017-05-08,934860.4423668329
2017-05-09,942367.1779955442
2017-05-10,935363.1075021691
2017-05-11,943173.7437947523
2017-05-12,948065.1646332995
2017-05-15,962632.4754580564
2017-05-16,959585.6745320127
2017-05-17,952535.5259602081
2017-05-18,945530.4758076576
2017-05-19,934304.3111290291
2017-05-22,924518.5721952084
2017-05-23,915712.4029402079
2017-05-24,913615.3590062772
2017-05-25,910224.2840381326
2017-05-26,899021.7762983792
2017-05-29,895626.8614569708
2017-05-30,896960.4106908609
2017-05-31,897670.8341470185
2017-06-01,900221.303118911
2017-06-02,905438.9190259939
2017-06-05,904968.1652670586
2017-06-06,906613.7282655373
2017-06-07,907557.0794423296
2017-06-08,910726.8396689408
2017-06-09,898340.2417889205
2017-06-12,894916.1317574081
2017-06-13,891250.2559144667
2017-06-14,883270.8403873666
2017-06-15,880681.242794087
2017-06-16,874775.4204143481
2017-06-19,870948.4262262176
2017-06-20,871441.5587956938
2017-06-21,866862.3957849016
2017-06-22,861810.5711626647
2017-06-23,863739.6733487938
2017-06-26,863341.0947035733
2017-06-27,866671.0381447045
2017-06-28,846382.2387202582
2017-06-29,842648.9374250197
2017-06-30,845023.1071779253
2017-07-03,865101.4737770085
2017-07-04,856913.5088191452
2017-07-05,852838.5263125201
2017-07-06,864888.4432218317
2017-07-07,869855.6861568099
2017-07-10,877995.7885033041
2017-07-11,868774.8962110244
2017-07-12,870920.5650206576
2017-07-13,869631.5414995216
2017-07-14,873523.8615203167
2017-07-17,873000.1803562446
2017-07-18,871629.6282608383
2017-07-19,877091.5998933533
2017-07-20,886816.1307951533
2017-07-21,883511.5971708193
2017-07-24,887029.7090820129
2017-07-25,883327.4628155031
2017-07-26,877651.4393837682
2017-07-27,879248.0975025599
2017-07-28,867652.1752113034
2017-07-31,874950.0870414467
2017-08-01,881365.520241433
2017-08-02,889285.836188714
2017-08-03,877291.3589778533
2017-08-04,879634.8189702219
2017-08-07,879227.930099256
2017-08-08,869749.0961058099
2017-08-09,868468.5298807542
2017-08-10,875676.094950482
2017-08-11,862377.0644060122
2017-08-14,866629.2996341226
2017-08-15,868891.4377689145
2017-08-16,867259.8893555438
2017-08-17,879332.150388391
2017-08-18,872376.970537585
2017-08-21,882990.8539207694
2017-08-22,875655.8093595712
2017-08-23,883884.319618681
2017-08-24,872102.3081195496
2017-08-25,874461.511067779
2017-08-28,875214.4006536263
2017-08-29,891863.4967123624
2017-08-30,884903.8710540908
2017-08-31,875304.0532544942
2017-09-01,874225.6164341662
2017-09-04,881883.9710411739
2017-09-05,884287.6251170649
2017-09-06,891582.3403402041
2017-09-07,892332.994825284
2017-09-08,887070.7590880285
2017-09-11,871048.341579023
2017-09-12,862532.6485259017
2017-09-13,872027.1719020397
2017-09-14,864472.4186710599
2017-09-15,863899.1246365407
2017-09-18,857957.383895739
2017-09-19,859517.8477959819
2017-09-20,857042.2594311936
2017-09-21,850014.3522612064
2017-09-22,855474.6417723128
2017-09-25,861478.6395907924
2017-09-26,858545.564192025
2017-09-27,856169.9899545619
2017-09-28,846969.345313797
2017-09-29,838852.5078192117
2017-10-02,830352.8357651397
2017-10-03,830281.1612735263
2017-10-04,828169.7189163401
2017-10-05,828426.451159613
2017-10-06,832003.6834115265
2017-10-09,838172.4481550434
2017-10-10,833408.8097474668
2017-10-11,840212.0884705242
2017-10-12,844312.482878058
2017-10-13,850893.8052682662
2017-10-16,847033.9467168703
2017-10-17,859054.6126723448
2017-10-18,858515.379640595
2017-10-19,868190.8906821272
2017-10-20,863850.7052114728
2017-10-23,876672.0733839727
2017-10-24,885992.3972958962
2017-10-25,886878.1556278048
2017-10-26,887884.0143991972
2017-10-27,885602.2764100615
2017-10-30,895234.1803377187
2017-10-31,888838.9692011201
2017-11-01,891670.472256816
2017-11-02,891519.9622908097
2017-11-03,895304.2317652754
2017-11-06,890882.4537075046
2017-11-07,899909.0345086504
2017-11-08,890154.2474454923
2017-11-09,879093.0437771666
2017-11-10,888135.6486365495
2017-11-13,894087.5788504444
2017-11-14,902458.429807472
2017-11-15,901406.703362786
2017-11-16,887946.3879381503
2017-11-17,890270.8871205831
2017-11-20,887468.993126461
2017-11-21,882749.3077605374
2017-11-22,888402.0840909432
2017-11-23,889170.1634136741
2017-11-24,893423.2633990634
2017-11-27,895163.5713641241
2017-11-28,890264.8601653827
2017-11-29,885181.7823876685
2017-11-30,881520.2011339332
2017-12-01,877265.5871082
2017-12-04,893881.3873503534
2017-12-05,907781.1259754333
2017-12-06,915696.7219311984
2017-12-07,914708.6610258225
2017-12-08,906577.5673381444
2017-12-11,905127.5342288135
2017-12-12,902555.5654125891
2017-12-13,911459.1124400708
2017-12-14,905896.360988125
2017-12-15,914893.58386985
2017-12-18,916646.6783480323
2017-12-19,907466.4985105443
2017-12-20,903131.2297081884
2017-12-21,907624.2734281372
2017-12-22,903868.9461689168
2017-12-25,917394.1282079462
2017-12-26,924628.0589081675
2017-12-27,931079.3872986557
2017-12-28,933706.7174436701
2017-12-29,930584.2441357006
2018-01-01,943593.0651008224
2018-01-02,942899.0034503016
2018-01-03,949318.8192968465
2018-01-04,953360.2120695785
2018-01-05,958878.8934158323
2018-01-08,955632.0289720644
2018-01-09,957951.628184341
2018-01-10,948356.9722990594
2018-01-11,943008.3003502986
2018-01-12,942542.8153638664
2018-01-15,942962.1496683403
2018-01-16,935223.1997625367
2018-01-17,949604.7987288174
2018-01-18,946122.8910435473
2018-01-19,932537.3140239158
2018-01-22,931676.9909657366
2018-01-23,936851.3093143315
2018-01-24,937405.683218616
2018-01-25,938960.8306621303
2018-01-26,928963.7788767593
2018-01-29,926840.458838528
2018-01-30,929713.1044669253
2018-01-31,923610.759753472
2018-02-01,926443.6432323524
2018-02-02,930315.5027728283
2018-02-05,928615.5988694844
2018-02-06,931609.6405815184
2018-02-07,930652.5731262343
2018-02-08,933612.9038471619
2018-02-09,936444.1232495175
2018-02-12,946585.4695733534
2018-02-13,950857.9510514016
2018-02-14,960777.3722833411
2018-02-15,963255.3483260819
2018-02-16,970097.5239566925
2018-02-19,976811.467031585
2018-02-20,981400.614988304
2018-02-21,982632.0344895887
2018-02-22,979233.8594872744
2018-02-23,986940.4896267047
2018-02-26,982426.6007267648
2018-02-27,990715.1037153438
2018-02-28,993805.3331492896
2018-03-01,990684.7544037257
2018-03-02,999212.4163057992
2018-03-05,994093.3404461698
2018-03-06,1003831.5024638681
2018-03-07,1007099.7021322425
2018-03-08,1010721.9325933917
2018-03-09,1011888.1020062135
2018-03-12,1035993.8607419768
2018-03-13,1034839.6273414494
2018-03-14,1029149.5627951347
2018-03-15,1058385.9119531184
2018-03-16,1038787.1140959668
2018-03-19,1032194.7875367345
2018-03-20,1031000.9404266295
2018-03-21,1030692.6913751268
2018-03-22,1030888.4442731238
2018-03-23,1031998.1862219733
2018-03-26,1027320.278650112
2018-03-27,1025582.9500137942
2018-03-28,1043047.9725224203
2018-03-29,1063075.9235476165
2018-03-30,1081428.145094972
2018-04-02,1084185.5434264275
2018-04-03,1082201.965801342
2018-04-04,1097884.308547482
2018-04-05,1070660.1593788085
2018-04-06,1064721.6230949159
2018-04-09,1067513.4695867682
2018-04-10,1051644.6338891392
2018-04-11,1050670.7047486226
2018-04-12,1052016.1503179388
2018-04-13,1042906.1541382207
2018-04-16,1033633.1491750313
2018-04-17,1044142.435900529
2018-04-18,1036829.6938475093
2018-04-19,1037323.1422213991
2018-04-20,1035947.3107896079
2018-04-23,1037447.8867752654
2018-04-24,1044057.6846689832
2018-04-25,1022594.7046531902
2018-04-26,1023038.2604938671
2018-04-27,1019150.6149199314
2018-04-30,1003762.6797435788
2018-05-01,1019689.0551278181
2018-05-02,1013988.9703092579
2018-05-03,997956.4925868474
2018-05-04,997306.5892001635
2018-05-07,993710.8214876355
2018-05-08,995240.3531023765
2018-05-09,997674.4248216164
2018-05-10,994229.9815877385
2018-05-11,989374.9385252458
2018-05-14,997032.4639655539
2018-05-15,993406.9380136493
2018-05-16,997366.5691499378
2018-05-17,991372.5012656983
2018-05-18,991644.053403179
2018-05-21,996017.157026069
2018-05-22,1008517.8206199219
2018-05-23,1007627.8024762655
2018-05-24,1017717.2017147476
2018-05-25,1014419.0907587158
2018-05-28,1020649.3911669494
2018-05-29,1018252.1466602404
2018-05-30,1008921.3218550561
2018-05-31,1012789.9575339723
2018-06-01,1023215.6617069008
2018-06-04,1032601.2660850853
2018-06-05,1022557.7641600894
2018-06-06,1020663.5174216452
2018-06-07,1015493.442950816
2018-06-08,1016807.6676929123
2018-06-11,1004300.599621681
2018-06-12,1004152.9333315885
2018-06-13,1001622.3558317169
2018-06-14,999959.1681229223
2018-06-15,1006023.5540405065
2018-06-18,1014511.4924531938
2018-06-19,1014994.4167993012
2018-06-20,1013554.1352266376
2018-06-21,1019455.000034308
2018-06-22,1001394.7276721403
2018-06-25,1005948.1492190108
2018-06-26,1007033.3993763045
2018-06-27,1001725.4530965332
2018-06-28,992980.7817071865
2018-06-29,987208.2645241786
2018-07-02,986901.526513031
2018-07-03,978458.6917878168
2018-07-04,989132.2330342856
2018-07-05,978492.3937405545
2018-07-06,962336.000648353
2018-07-09,978307.2567183656
2018-07-10,986763.4303295813
2018-07-11,993096.516329753
2018-07-12,987693.9447494098
2018-07-13,984195.8999789234
2018-07-16,982185.0401357829
2018-07-17,991426.4931150383
2018-07-18,995609.2748757757
2018-07-19,1009878.02385793
2018-07-20,1001098.2943354885
2018-07-23,986203.694208853
2018-07-24,987739.2954720245
2018-07-25,989493.4773031713
2018-07-26,986758.1035202843
2018-07-27,992781.5919610416
2018-07-30,983332.1577131596
2018-07-31,987635.398439785
2018-08-01,1001098.4778530197
2018-08-02,998608.2868357997
2018-08-03,999028.2537602925
2018-08-06,999198.0649736152
2018-08-07,995223.0458247963
2018-08-08,1007899.2051626481
2018-08-09,1000821.3875454521
2018-08-10,992196.2728303949
2018-08-13,985123.5850662502
2018-08-14,975673.3249338187
2018-08-15,977104.9530881356
2018-08-16,964487.9627939954
2018-08-17,978390.1511288823
2018-08-20,968539.9984220855
2018-08-21,974983.948385726
2018-08-22,976915.2939193053
2018-08-23,973131.4432038851
2018-08-24,971879.1947137242
2018-08-27,982184.6014995977
2018-08-28,974821.9485534602
2018-08-29,975084.4095782081
2018-08-30,981416.3886942011
2018-08-31,979195.1441866364
2018-09-03,971394.6902580332
2018-09-04,969885.8607345525
2018-09-05,977335.2961269218
2018-09-06,973939.6903882159
2018-09-07,969684.6380373966
2018-09-10,977892.1914676935
2018-09-11,983097.9009853463
2018-09-12,985281.7715496015
2018-09-13,1002678.0764555935
2018-09-14,1007927.6191138652
2018-09-17,1010130.754114932
2018-09-18,1009196.6375450946
2018-09-19,1008747.6698555226
2018-09-20,1022190.6047148053
2018-09-21,1016021.0778407109
2018-09-24,1013011.4626461787
2018-09-25,1009360.7418402857
2018-09-26,1012393.5590278553
2018-09-27,997558.5044160724
2018-09-28,995458.8859659892
2018-10-01,1003632.8520964594
2018-10-02,1000533.2656026925
2018-10-03,1008176.4003929284
2018-10-04,1016128.9901605959
2018-10-05,1030632.4008959599
2018-10-08,1034805.8163925118
2018-10-09,1032449.9474551848
2018-10-10,1043785.1970600316
2018-10-11,1039739.9867751228
2018-10-12,1039098.62478882
2018-10-15,1036516.1396862135
2018-10-16,1016563.7857684117
2018-10-17,1014834.882062725
2018-10-18,1014931.5493386841
2018-10-19,1019807.8585443732
2018-10-22,1023106.2795164312
2018-10-23,1026036.6121528556
2018-10-24,1026853.8667778991
2018-10-25,1023576.4690684492
2018-10-26,1033633.8265859252
2018-10-29,1039934.3587426366
2018-10-30,1041709.0658136093
2018-10-31,1044541.0734795538
2018-11-01,1037017.9529282867
2018-11-02,1030277.9527437589
2018-11-05,1014984.998329635
2018-11-06,1020919.2427571379
2018-11-07,1017616.7408186833
2018-11-08,1011715.2881877681
2018-11-09,996441.7899916508
2018-11-12,1007871.3923027416
2018-11-13,1015894.0614303139
2018-11-14,1006873.8642515761
2018-11-15,997205.8610208537
2018-11-16,983959.1745902873
2018-11-19,973564.251787683
2018-11-20,972776.9169392367
2018-11-21,975778.4941742505
2018-11-22,981725.2938244054
2018-11-23,975183.0268706948
2018-11-26,976542.7059031418
2018-11-27,986388.6308037788
2018-11-28,1002826.1770073604
2018-11-29,1008354.5242354933
2018-11-30,990335.742330964
2018-12-03,978282.3358080331
2018-12-04,980104.9717009147
2018-12-05,975321.6047255778
2018-12-06,973599.7290374866
2018-12-07,967443.472945227
2018-12-10,969428.733048457
2018-12-11,984553.5706549254
2018-12-12,979389.2480436022
2018-12-13,983213.6179320787
2018-12-14,982438.5348988981
2018-12-17,983518.7082822289
2018-12-18,992427.1917050589
2018-12-19,992500.1761639966
2018-12-20,991697.3220525223
2018-12-21,1001238.8344317088
2018-12-24,1004360.6059578825
2018-12-25,995776.019099446
2018-12-26,994301.5751105424
2018-12-27,990581.0466988528
2018-12-28,989550.0221502669
2018-12-31,982591.5133611411
2019-01-01,988306.6468030943
2019-01-02,984355.6510053244
2019-01-03,993863.0999928527
2019-01-04,985263.4008699224
2019-01-07,980637.8622488499
2019-01-08,976232.9593148364
2019-01-09,951715.2225158071
2019-01-10,963785.521358915
2019-01-11,947048.5952664536
2019-01-14,944076.817605472
2019-01-15,951477.1718609205
2019-01-16,956734.7593134684
2019-01-17,955847.7646132293
2019-01-18,951245.0659440123
2019-01-21,949748.231632883
2019-01-22,950960.8360804974
2019-01-23,957379.5718055902
2019-01-24,957502.6891840578
2019-01-25,968728.9652964723
2019-01-28,973320.7945154872
2019-01-29,970745.0206015296
2019-01-30,950444.1355892762
2019-01-31,938528.4392291761
2019-02-01,952073.5551327127
2019-02-04,960720.8387424272
2019-02-05,948190.4339402055
2019-02-06,947666.3408614881
2019-02-07,942857.723730939
2019-02-08,940790.6286322558
2019-02-11,954809.0956497083
2019-02-12,968433.1748150524
2019-02-13,976802.0679159262
2019-02-14,972160.3125426706
2019-02-15,962960.4014666596
2019-02-18,966198.6874682684
2019-02-19,977760.5266236344
2019-02-20,987251.9598866764
2019-02-21,984656.6344817062
2019-02-22,975118.3395747123
2019-02-25,969978.6264628323
2019-02-26,962283.1950095602
2019-02-27,973960.5201959775
2019-02-28,966675.4247347536
2019-03-01,963450.4070165402
2019-03-04,953133.3417329937
2019-03-05,945976.8527634528
2019-03-06,932721.817813253
2019-03-07,937584.8023664409
2019-03-08,960836.5358891052
2019-03-11,952483.8217620803
2019-03-12,950632.640098275
2019-03-13,960935.4017928342
2019-03-14,972741.2196879445
2019-03-15,984461.5068370344
2019-03-18,986985.9982730618
2019-03-19,990088.233635274
2019-03-20,992989.0686469799
2019-03-21,988271.5180275645
2019-03-22,984323.4915660787
2019-03-25,985587.567394866
2019-03-26,975820.4577644994
2019-03-27,965703.0027258354
2019-03-28,967696.9974040333
2019-03-29,975192.1658843514
2019-04-01,973989.0073960746
2019-04-02,989132.5027191752
2019-04-03,989549.358403161
2019-04-04,1005533.1869249167
2019-04-05,1002328.1161639597
2019-04-08,1001446.5153603553
2019-04-09,1014131.3350453924
2019-04-10,1018149.6099766642
2019-04-11,1019721.819404518
2019-04-12,1005135.195943235
2019-04-15,1008234.0700975626
2019-04-16,1022055.563494851
2019-04-17,1014260.541403965
2019-04-18,1013762.4253045955
2019-04-19,1016924.6080211092
2019-04-22,1012073.6852201048
2019-04-23,1012439.4417097667
2019-04-24,1007581.9291122896
2019-04-25,1004632.1262975102
2019-04-26,998339.1412255315
2019-04-29,988278.8245921186
2019-04-30,984721.3949727528
2019-05-01,982435.8555097578
2019-05-02,999068.478676526
2019-05-03,1003567.7507230948
2019-05-06,1001644.4694897545
2019-05-07,990597.8271563596
2019-05-08,997669.2724976278
2019-05-09,1007936.3171256259
2019-05-10,1000887.2506519038
2019-05-13,1003889.2679550971
2019-05-14,1006969.3833057114
2019-05-15,1008464.9393653045
2019-05-16,1007798.073697482
2019-05-17,997491.2906222254
2019-05-20,1004102.5519778315
2019-05-21,1005681.4706879228
2019-05-22,1009748.7397999488
2019-05-23,1010951.1055367019
2019-05-24,1016956.7162220718
2019-05-27,1025481.4495513828
2019-05-28,1033596.1459849074
2019-05-29,1028266.7346858848
2019-05-30,1027584.1656474817
2019-05-31,1018735.5468783823
2019-06-03,1024317.5530932611
2019-06-04,1008609.1300148059
2019-06-05,1015094.8837669488
2019-06-06,1024826.5476806612
2019-06-07,1026164.2182077701
2019-06-10,1003343.3219600642
2019-06-11,1010646.5230135289
2019-06-12,1013471.2633611271
2019-06-13,1007884.5767343708
2019-06-14,1023855.9129690022
2019-06-17,1012787.9263191381
2019-06-18,1009504.0294991786
2019-06-19,1022941.1816904552
2019-06-20,1024433.3782443958
2019-06-21,1025754.2307558956
2019-06-24,1025209.2364231618
2019-06-25,1029609.0684735319
2019-06-26,1034306.7589749603
2019-06-27,1040006.7289976378
2019-06-28,1035986.2920476296
2019-07-01,1031383.6778079513
2019-07-02,1039497.6524622588
2019-07-03,1017250.1269048917
2019-07-04,1018263.1928924052
2019-07-05,1012571.2637522852
2019-07-08,1007848.8106104985
2019-07-09,1019205.0405092878
2019-07-10,1026084.1002653389
2019-07-11,1025346.9573102975
2019-07-12,1029550.4574884172
2019-07-15,1029061.435309413
2019-07-16,1029938.1008143189
2019-07-17,1028237.797368665
2019-07-18,1045190.4009575702
2019-07-19,1043246.2507689816
2019-07-22,1041525.3688173085
2019-07-23,1036905.1339169289
2019-07-24,1032834.5303134529
2019-07-25,1040046.7753306562
2019-07-26,1037945.7550924157
2019-07-29,1031460.4145377984
2019-07-30,1033395.9515423265
2019-07-31,1045668.9547712025
2019-08-01,1069944.5414103754
2019-08-02,1054904.3206820318
2019-08-05,1053917.0178756684
2019-08-06,1050491.0753044053
2019-08-07,1045399.5074382302
2019-08-08,1050357.696511107
2019-08-09,1050799.173152298
2019-08-12,1052622.5044728438
2019-08-13,1039722.571021111
2019-08-14,1031877.5626540569
2019-08-15,1032454.9196524842
2019-08-16,1030081.3149136534
2019-08-19,1032457.5205485738
2019-08-20,1030884.9927286038
2019-08-21,1041647.2071659723
2019-08-22,1045504.59083206
2019-08-23,1038527.3653886705
2019-08-26,1039428.3535569881
2019-08-27,1038342.6149805239
2019-08-28,1026453.6702301982
2019-08-29,1009927.1958351847
2019-08-30,1004435.4749714878
2019-09-02,1002503.9786305857
2019-09-03,1008696.1195297553
2019-09-04,1008286.754487532
2019-09-05,1006001.1639336742
2019-09-06,1006878.5145970872
2019-09-09,1014739.8920682261
2019-09-10,1020189.6509235399
2019-09-11,1027063.6384777892
2019-09-12,1027346.9432609207
2019-09-13,1025664.4790358073
2019-09-16,1020364.6459501201
2019-09-17,1025344.2709695186
2019-09-18,1022808.9864262182
2019-09-19,1037179.6437109434
2019-09-20,1051618.1107246634
2019-09-23,1051891.9732516366
2019-09-24,1037596.9206266582
2019-09-25,1045028.8724955819
2019-09-26,1042697.6140139156
2019-09-27,1031382.4583540431
2019-09-30,1025039.8968767719
2019-10-01,1022935.2921112111
2019-10-02,1020820.8241142416
2019-10-03,1020851.0411403549
2019-10-04,1023659.4062980707
2019-10-07,1018708.9397655318
2019-10-08,1025492.2847343846
2019-10-09,1029470.8117877382
2019-10-10,1036226.9892820504
2019-10-11,1051174.884023961
2019-10-14,1056144.0355195932
2019-10-15,1046353.9375893791
2019-10-16,1052912.5437142742
2019-10-17,1038595.691786843
2019-10-18,1035109.7322689274
2019-10-21,1033904.5310257729
2019-10-22,1022451.6043025805
2019-10-23,1022656.3280238258
2019-10-24,1015433.1146447589
2019-10-25,1026078.7777762213
2019-10-28,1004861.9687657424
2019-10-29,1005110.6319569885
2019-10-30,1002154.667055112
2019-10-31,998144.2395935671
2019-11-01,998448.9148496953
2019-11-04,998075.5186177294
2019-11-05,1000905.9901245114
2019-11-06,989030.3197981324
2019-11-07,997963.9541577196
2019-11-08,1006061.2760777357
2019-11-11,998428.4333873588
2019-11-12,999261.8213527225
2019-11-13,981416.7010439365
2019-11-14,978241.9623555297
2019-11-15,980571.1324355309
2019-11-18,972350.7113038467
2019-11-19,956330.7686789195
2019-11-20,946333.5263217423
2019-11-21,945369.3757104141
2019-11-22,941022.5818267411
2019-11-25,948611.7517815889
2019-11-26,951551.0827033364
2019-11-27,950385.7363834339
2019-11-28,944045.0004719805
2019-11-29,954653.0442029352
2019-12-02,955597.243615783
2019-12-03,946798.7153184242
2019-12-04,956580.8116535987
2019-12-05,954678.1319008743
2019-12-06,956990.859692142
2019-12-09,949085.4332972205
2019-12-10,953771.663686219
2019-12-11,957036.4239629259
2019-12-12,955784.3136592236
2019-12-13,943800.6124234361
2019-12-16,940308.7565793495
2019-12-17,937370.7422855855
2019-12-18,941562.2405762686
2019-12-19,949689.3177199156
2019-12-20,953831.0830157376
2019-12-23,949496.1936024276
2019-12-24,949038.685521287
2019-12-25,944419.1523580519
2019-12-26,954833.9779006129
2019-12-27,952915.3030964546
2019-12-30,949331.3230149787
2019-12-31,956452.8145206304
2020-01-01,956046.8934576452
2020-01-02,957195.7969965509
2020-01-03,952562.5085933842
2020-01-06,953389.1489184077
2020-01-07,952356.1842267509
2020-01-08,957935.0944946238
2020-01-09,953323.6433635592
2020-01-10,965008.3063843538
2020-01-13,972377.8811022787
2020-01-14,975927.5118785225
2020-01-15,984878.7226637255
2020-01-16,978501.4074616984
2020-01-17,982669.7091552091
2020-01-20,982204.8881891728
2020-01-21,983786.7333563112
2020-01-22,1000153.8471755637
2020-01-23,987579.3687186067
2020-01-24,985849.5378556007
2020-01-27,978201.3216695972
2020-01-28,973977.3302489232
2020-01-29,977241.6272595066
2020-01-30,986534.853556729
2020-01-31,983743.8161089845
2020-02-03,999813.0285319964
2020-02-04,1004379.1305021803
2020-02-05,997917.405093268
2020-02-06,1004241.9262110419
2020-02-07,1013479.6961086935
2020-02-10,1012797.7300792777
2020-02-11,1011597.0578811787
2020-02-12,1017593.9964809816
2020-02-13,1010303.0871592595
2020-02-14,1001749.0986710333
2020-02-17,1014375.5016164782
2020-02-18,1018768.0877858258
2020-02-19,1015782.437997798
2020-02-20,1002964.4456343969
2020-02-21,1013245.9446509663
2020-02-24,1025779.9614686666
2020-02-25,1010221.324848468
2020-02-26,1004739.9276349833
2020-02-27,1018175.4484478976
2020-02-28,1010798.2078051923
2020-03-02,1010374.2457479606
2020-03-03,1002091.3225469769
2020-03-04,1009335.0907335451
2020-03-05,984121.0657027964
2020-03-06,966589.1545394551
2020-03-09,963124.5719971518
2020-03-10,950492.0748223383
2020-03-11,950501.0226705411
2020-03-12,951421.2659578874
2020-03-13,947303.8999828558
2020-03-16,945823.4881990211
2020-03-17,938601.9327906925
2020-03-18,939355.4195215229
2020-03-19,928318.9000625312
2020-03-20,932526.5844989275
2020-03-23,942434.1055080987
2020-03-24,938405.66703253
2020-03-25,941870.435828282
2020-03-26,928824.9879388215
2020-03-27,931761.1945228953
2020-03-30,932071.8005328976
2020-03-31,918430.0559538284
2020-04-01,916042.2826987889
2020-04-02,914666.7759220501
2020-04-03,912306.6352457483
2020-04-06,906717.8717714474
2020-04-07,911163.7606251163
2020-04-08,910576.8909450548
2020-04-09,910812.2194033477
2020-04-10,920094.6335233911
2020-04-13,914402.098795892
2020-04-14,898269.2048570031
2020-04-15,892163.5464009721
2020-04-16,886280.6417102467
2020-04-17,874235.0868487976
2020-04-20,885873.1644334873
2020-04-21,877365.1230950553
2020-04-22,892562.2791822448
2020-04-23,883168.4460883513
2020-04-24,876793.7010981675
2020-04-27,890415.8096121908
2020-04-28,873987.5941625095
2020-04-29,865666.8883270384
2020-04-30,871878.9944099996
2020-05-01,864274.5753017796
2020-05-04,872508.7016202876
2020-05-05,877491.1170747902
2020-05-06,875729.293166085
2020-05-07,876120.7298878585
2020-05-08,870431.6457278539
2020-05-11,871087.4674296172
2020-05-12,870128.5306077036
2020-05-13,868220.5618479628
2020-05-14,861854.2784612061
2020-05-15,865570.3351292158
2020-05-18,876163.5398001991
2020-05-19,881006.9476392131
2020-05-20,873165.3854091733
2020-05-21,864557.5290889274
2020-05-22,876772.8134288967
2020-05-25,887476.2311555697
2020-05-26,886060.0267552292
2020-05-27,888351.9214613071
2020-05-28,896256.5732382069
2020-05-29,901269.5712895476
2020-06-01,896003.7764123261
2020-06-02,891544.5486149316
2020-06-03,894755.170166494
2020-06-04,891827.1541495939
2020-06-05,880165.140066552
2020-06-08,872730.8540257199
2020-06-09,879584.4529628512
2020-06-10,873310.3720061351
2020-06-11,873276.1643226105
2020-06-12,882039.5512211308
2020-06-15,879816.0936409701
2020-06-16,866181.0069888991
2020-06-17,865219.7070555253
2020-06-18,853026.3092264759
2020-06-19,855442.4603472813
2020-06-22,848744.9612513515
2020-06-23,848233.3360425706
2020-06-24,843219.5472002503
2020-06-25,847681.5879586637
2020-06-26,852946.0839666581
2020-06-29,865996.2922828599
2020-06-30,863845.5679872844
2020-07-01,862368.6415066117
2020-07-02,861772.066415394
2020-07-03,852704.5833953804
2020-07-06,849858.495347697
2020-07-07,848387.0057312027
2020-07-08,840994.9186088055
2020-07-09,840972.8970596722
2020-07-10,839313.8687265355
2020-07-13,842888.7128102217
2020-07-14,843486.1636657924
2020-07-15,841956.2589289197
2020-07-16,837228.095919173
2020-07-17,821857.7415403796
2020-07-20,825755.884396987
2020-07-21,819913.6221020315
2020-07-22,824694.5587233808
2020-07-23,822461.0087915545
2020-07-24,842355.5655811031
2020-07-27,860816.5621886223
2020-07-28,861908.8867753609
2020-07-29,846259.4749280948
2020-07-30,835056.5968059096
2020-07-31,834189.8818295154
2020-08-03,835871.0141683526
2020-08-04,821855.9463233864
2020-08-05,829377.3260603927
2020-08-06,847118.5098637466
2020-08-07,853406.6208631406
2020-08-10,843285.5513313378
2020-08-11,835639.9661562326
2020-08-12,837132.0925616713
2020-08-13,848646.2394954265
2020-08-14,849634.1161722398
2020-08-17,848043.960935703
2020-08-18,841828.4677496378
2020-08-19,827240.4207098733
2020-08-20,827148.8530738056
2020-08-21,827659.7125295595
2020-08-24,825916.6334201593
2020-08-25,828311.6416328078
2020-08-26,812583.4729359864
2020-08-27,807290.4294906652
2020-08-28,807599.9075089273
2020-08-31,813276.3173518822
2020-09-01,817565.9417607535
2020-09-02,812058.9589664068
2020-09-03,812711.3611197253
2020-09-04,813784.5221985023
2020-09-07,811788.1852063586
2020-09-08,806532.2855967287
2020-09-09,814007.0583313212
2020-09-10,813344.1757124013
2020-09-11,810364.2757001847
2020-09-14,806849.1958772314
2020-09-15,805514.1606701226
2020-09-16,805927.2816452413
2020-09-17,806141.0830604691
2020-09-18,806596.5242857619
2020-09-21,801526.8543396012
2020-09-22,802411.6057924363
2020-09-23,794310.5505736381
2020-09-24,789638.8295547187
2020-09-25,792039.9011420602
2020-09-28,787191.0190695918
2020-09-29,784125.6774968004
2020-09-30,782864.4772220822
2020-10-01,774606.2464711457
2020-10-02,765981.3888810816
2020-10-05,764628.4724986826
2020-10-06,766285.17617961
2020-10-07,761647.8500906208
2020-10-08,760394.9449310475
2020-10-09,764158.0306838409
2020-10-12,768173.8093793797
2020-10-13,768215.8973070976
2020-10-14,774003.7436615032
2020-10-15,774377.7702092442
2020-10-16,781158.3694809529
2020-10-19,782437.3981012461
2020-10-20,775548.370328811
2020-10-21,769969.8010721429
2020-10-22,766099.9559788012
2020-10-23,774777.2139269132
2020-10-26,765781.1635625414
2020-10-27,764552.6589838364
2020-10-28,768500.7856841993
2020-10-29,777382.7175213557
2020-10-30,777291.9568169257
2020-11-02,793728.658329454
2020-11-03,789927.096095991
2020-11-04,785978.9325917605
2020-11-05,778985.9305215825
2020-11-06,789304.5941592448
2020-11-09,783246.1783061184
2020-11-10,783993.2255478259
2020-11-11,787353.376749747
2020-11-12,805240.6550072036
2020-11-13,804918.037843587
2020-11-16,802218.6477975458
2020-11-17,809802.4548471966
2020-11-18,814835.482668105
2020-11-19,817998.8625846801
2020-11-20,821512.6274696462
2020-11-23,807935.5028855004
2020-11-24,815258.1662637743
2020-11-25,814838.5499429917
2020-11-26,820094.7774731712
2020-11-27,828361.8942606531
2020-11-30,824929.5426780763
2020-12-01,840418.5432532243
2020-12-02,844558.2395712878
2020-12-03,825591.9147617522
2020-12-04,824756.3924066338
2020-12-07,818383.1126647169
2020-12-08,819996.5332562606
2020-12-09,818706.3349056577
2020-12-10,815303.5983769929
2020-12-11,804300.0584216847
2020-12-14,811460.8768089572
2020-12-15,805822.0721257802
2020-12-16,809557.6366883903
2020-12-17,806501.6469083368
2020-12-18,798421.72464546
2020-12-21,799559.0720443148
2020-12-22,795827.0306892986
2020-12-23,805755.1209471852
2020-12-24,808712.3716805673
2020-12-25,813945.333191971
2020-12-28,818647.4197115903
2020-12-29,831336.1448842755
2020-12-30,840310.0726188846
2020-12-31,838351.475139484
2021-01-01,832226.9597764667
2021-01-04,826513.8548410349
2021-01-05,831322.8156880231
2021-01-06,816508.8148837509
2021-01-07,822844.1533886674
2021-01-08,831299.5073872781
2021-01-11,844298.1483034161
2021-01-12,845154.9042608205
2021-01-13,845340.828386924
2021-01-14,849847.9573468184
2021-01-15,839665.6075959131
2021-01-18,839845.902134795
2021-01-19,832003.9582342637
2021-01-20,834835.0080926132
2021-01-21,839644.6415570704
2021-01-22,837332.6081942036
2021-01-25,838879.7013294344
2021-01-26,839322.9744211793
2021-01-27,841781.5087325706
2021-01-28,847692.1032018355
2021-01-29,838153.9719075547
2021-02-01,833046.8331869417
2021-02-02,830199.7113863565
2021-02-03,829324.8800086696
2021-02-04,815788.2534620326
2021-02-05,819127.342036647
2021-02-08,828822.0370905322
2021-02-09,833343.6431156117
2021-02-10,825853.082844793
2021-02-11,828687.5046634732
2021-02-12,820742.4181985117
2021-02-15,827141.8621890007
2021-02-16,828526.8608786422
2021-02-17,819231.8793645322
2021-02-18,816284.6027099075
2021-02-19,816152.8745277589
2021-02-22,806009.0606042519
2021-02-23,818625.6111779774
2021-02-24,807205.8699022889
2021-02-25,812058.810511686
2021-02-26,805322.4547082029
2021-03-01,792697.9003844917
2021-03-02,794657.5486123645
2021-03-03,795903.6608522795
2021-03-04,795871.6426043336
2021-03-05,802434.1153691378
2021-03-08,809312.7399448486
2021-03-09,810874.3056757355
2021-03-10,805199.721846275
2021-03-11,804106.690669266
2021-03-12,807289.3056523867
2021-03-15,802663.8999892187
2021-03-16,812499.9653325627
2021-03-17,809067.2348575823
2021-03-18,807402.0299348992
2021-03-19,805061.7369528979
2021-03-22,799718.0214621297
2021-03-23,802865.3400683146
2021-03-24,806267.0577307307
2021-03-25,818825.528519237
2021-03-26,818671.7047737102
2021-03-29,826261.5118839201
2021-03-30,838674.4610394696
2021-03-31,836534.7424711507
2021-04-01,831572.2235984359
2021-04-02,829245.3278231865
2021-04-05,835755.0607056415
2021-04-06,822984.9978483557
2021-04-07,826016.4435389818
2021-04-08,820334.5353215248
2021-04-09,815996.2389973563
2021-04-12,820903.1343010948
2021-04-13,818942.5347999304
2021-04-14,813306.9762006914
2021-04-15,813548.1673905974
2021-04-16,814161.2598594751
2021-04-19,816056.6727012154
2021-04-20,818943.6226370067
2021-04-21,810865.4168500733
2021-04-22,809620.5219947661
2021-04-23,806424.9378578773
2021-04-26,812301.1526739288
2021-04-27,813668.1501401355
2021-04-28,820248.372906525
2021-04-29,817022.3834082102
2021-04-30,819485.8352421501
2021-05-03,825104.20437174
2021-05-04,825507.2075202274
2021-05-05,819119.9836927401
2021-05-06,814431.3802894417
2021-05-07,798158.1313006456
2021-05-10,803928.0263310245
2021-05-11,803570.5428693148
2021-05-12,804842.8554612827
2021-05-13,804152.8459152365
2021-05-14,807212.0142971971
2021-05-17,803939.3077412957
2021-05-18,805406.1865070255
2021-05-19,807792.0734106278
2021-05-20,805536.1347727131
2021-05-21,813137.9944538885
2021-05-24,802865.3938200553
2021-05-25,795423.3811713381
2021-05-26,802312.8456188682
2021-05-27,798505.9794433956
2021-05-28,797068.9422536499
2021-05-31,801358.1280143987
2021-06-01,803743.7742943472
2021-06-02,797762.2312946677
2021-06-03,788557.8937397571
2021-06-04,776366.2117383727
2021-06-07,788582.4355651098
2021-06-08,788616.4015348782
2021-06-09,783484.9931830199
2021-06-10,788576.2346486493
2021-06-11,785712.7561575759
2021-06-14,783563.8777833902
2021-06-15,786689.9425691264
2021-06-16,773802.7798838732
2021-06-17,759469.623757682
2021-06-18,738391.7903177091
2021-06-21,738052.5494154037
2021-06-22,731015.2264908443
2021-06-23,729296.3799894144
2021-06-24,734827.551916468
2021-06-25,743518.8050781661
2021-06-28,746047.7938229279
2021-06-29,745652.925150842
2021-06-30,739399.8694003266
2021-07-01,743726.4267976477
2021-07-02,738455.4058852287
2021-07-05,744092.1282407885
2021-07-06,736413.1898790338
2021-07-07,721251.0821751896
2021-07-08,720137.0066014084
2021-07-09,716019.6164825466
2021-07-12,732063.7239590607
2021-07-13,735529.7769224045
2021-07-14,725646.286730034
2021-07-15,725659.2128662049
2021-07-16,728364.5812173957
2021-07-19,722866.2529065481
2021-07-20,727237.077212695
2021-07-21,738886.0196653034
2021-07-22,729270.5301273834
2021-07-23,735039.5210536985
2021-07-26,722239.962061885
2021-07-27,723681.6579851222
2021-07-28,714442.3051771133
2021-07-29,720622.1291702953
2021-07-30,728908.2002795266
2021-08-02,737447.5508460687
2021-08-03,738326.9932851315
2021-08-04,739328.8685007605
2021-08-05,732237.21412157
2021-08-06,732026.5300502947
2021-08-09,724649.1836615822
2021-08-10,727146.6143751843
2021-08-11,739333.1636885155
2021-08-12,727199.6243636399
2021-08-13,724006.4756147844
2021-08-16,723766.0835338524
2021-08-17,731564.8556880865
2021-08-18,735161.2038791212
2021-08-19,731840.2485445947
2021-08-20,718504.2527551162
2021-08-23,727284.1113273323
2021-08-24,734964.7985981144
2021-08-25,732861.0893459434
2021-08-26,739885.9621873158
2021-08-27,742172.6161534411
2021-08-30,745641.95229857
2021-08-31,753315.4484153427
2021-09-01,752639.8576934882
2021-09-02,753743.6290800283
2021-09-03,751653.6811528777
2021-09-06,748260.5515928792
2021-09-07,749213.5720593615
2021-09-08,745768.7657279818
2021-09-09,745269.010987381
2021-09-10,740366.8658769814
2021-09-13,741681.9507806499
2021-09-14,742186.720788951
2021-09-15,739443.2970348807
2021-09-16,747701.9231920162
2021-09-17,756826.0901549745
2021-09-20,759381.4073150745
2021-09-21,756441.6542450543
2021-09-22,744990.9283210649
2021-09-23,737397.9082449543
2021-09-24,738384.9589974894
2021-09-27,734575.1098726674
2021-09-28,741635.6698780747
2021-09-29,747060.0063701632
2021-09-30,747651.907758723
2021-10-01,748191.6021964939
2021-10-04,738232.3355994916
2021-10-05,732556.7454407444
2021-10-06,729010.2127593675
2021-10-07,737266.657194735
2021-10-08,734780.1192151105
2021-10-11,747964.7757061166
2021-10-12,736536.9619700506
2021-10-13,735614.8815844657
2021-10-14,733545.4227988911
2021-10-15,736102.5078087304
2021-10-18,739225.8758964108
2021-10-19,741834.5697905167
2021-10-20,739878.8792103012
2021-10-21,732971.3584087612
2021-10-22,737449.9236705974
2021-10-25,734714.5224067414
2021-10-26,732007.3145608774
2021-10-27,730660.5720829349
2021-10-28,730396.354929124
2021-10-29,737821.7452849575
2021-11-01,733098.0126718341
2021-11-02,740737.3687489977
2021-11-03,735383.2222646016
2021-11-04,735599.490807502
2021-11-05,725944.2585332849
2021-11-08,732984.7286073214
2021-11-09,725853.0454572999
2021-11-10,726258.0106781492
2021-11-11,725995.4500540207
2021-11-12,736849.8600236824
2021-11-15,733461.3511681121
2021-11-16,727882.1923864165
2021-11-17,723522.4008491749
2021-11-18,717028.4891808943
2021-11-19,722358.8067729138
2021-11-22,722573.2784335793
2021-11-23,727372.098162715
2021-11-24,720344.3363685494
2021-11-25,726974.8744053002
2021-11-26,724684.9821523982
2021-11-29,729984.1319674104
2021-11-30,734221.0401622767
2021-12-01,730156.4523210757
2021-12-02,716154.9608006543
2021-12-03,707166.9229071415
2021-12-06,711417.991019996
2021-12-07,707624.263710187
2021-12-08,709347.2714047075
2021-12-09,709698.1758247406
2021-12-10,707139.4572894974
2021-12-13,711819.9479599106
2021-12-14,711678.0660247803
2021-12-15,703990.8684663838
2021-12-16,703596.609824355
2021-12-17,700774.3726831805
2021-12-20,702659.1604036388
2021-12-21,692293.0518449333
2021-12-22,697821.7022128677
2021-12-23,698387.6565868773
2021-12-24,695384.4663679583
2021-12-27,695296.5313443737
2021-12-28,701415.5508345186
2021-12-29,697919.6639092078
2021-12-30,706713.724072364
2021-12-31,693801.1580844223
2022-01-03,678971.1593775977
2022-01-04,681246.6908905488
2022-01-05,695105.612626981
2022-01-06,686977.8425908028
2022-01-07,686046.3995711775
2022-01-10,690046.8652251804
2022-01-11,694724.5523093598
2022-01-12,685959.5940308358
2022-01-13,691177.8952243273
2022-01-14,684922.505890677
2022-01-17,685273.8426219964
2022-01-18,691381.4980353122
2022-01-19,681505.427212917
2022-01-20,679393.6795405222
2022-01-21,678973.005247472
2022-01-24,682745.9176312535
2022-01-25,687788.2149825887
2022-01-26,687681.0721624063
2022-01-27,680278.9506068032
2022-01-28,693012.9862869685
2022-01-31,695369.5309737583
2022-02-01,694936.5044126825
2022-02-02,686860.6789315727
2022-02-03,676122.8822197113
2022-02-04,667970.5439366362
2022-02-07,672283.766669575
2022-02-08,677917.3712584432
2022-02-09,673444.409443429
2022-02-10,676275.7934210387
2022-02-11,680392.4967486535
2022-02-14,682811.8321264603
2022-02-15,695069.092600432
2022-02-16,697010.9687367828
2022-02-17,697604.6685229865
2022-02-18,703754.8996718761
2022-02-21,703179.4739415809
2022-02-22,697307.9000331105
2022-02-23,699353.8985101966
2022-02-24,701508.6042747304
2022-02-25,697469.3920902242
2022-02-28,704162.076071158
2022-03-01,703696.964580189
2022-03-02,694451.3604823656
2022-03-03,685074.2107529544
2022-03-04,687597.6081743785
2022-03-07,678317.3820290441
2022-03-08,683665.9565467378
2022-03-09,685656.3136164316
2022-03-10,681625.6151147969
2022-03-11,676622.7018338541
2022-03-14,681350.6381371215
2022-03-15,674785.3551769007
2022-03-16,668711.0466767217
2022-03-17,676606.3269089374
2022-03-18,676402.6269636821
2022-03-21,666914.1173920967
2022-03-22,667524.7341440114
2022-03-23,671390.070867456
2022-03-24,673333.4937474816
2022-03-25,676983.2609814892
2022-03-28,678825.3107081961
2022-03-29,672896.5249436798
2022-03-30,671035.9275178856
2022-03-31,663447.1367522303
2022-04-01,664455.3901272847
2022-04-04,671369.8059918474
2022-04-05,677460.9939216184
2022-04-06,673555.380058333
2022-04-07,667520.993896768
2022-04-08,672485.4635607832
2022-04-11,652237.1978175072
2022-04-12,653352.1780439806
2022-04-13,649030.3605579115
2022-04-14,657941.8812816162
2022-04-15,649942.7568398349
2022-04-18,650254.4107593722
2022-04-19,652451.101013035
2022-04-20,660935.2933029726
2022-04-21,656322.1831757643
2022-04-22,664185.9196525438
2022-04-25,657894.5911287918
2022-04-26,654588.2620204384
2022-04-27,645038.7776677774
2022-04-28,637482.9522549821
2022-04-29,635478.4284729799
2022-05-02,641657.6862949209
2022-05-03,642230.049144634
2022-05-04,637112.6338176231
2022-05-05,633666.7987964749
2022-05-06,626844.5960762181
2022-05-09,613227.4101977836
2022-05-10,614452.4884804519
2022-05-11,611976.3605643763
2022-05-12,612059.3076195556
2022-05-13,611968.3250499277
2022-05-16,610612.8848183024
2022-05-17,610543.7365964298
2022-05-18,609268.9804814314
2022-05-19,598052.042971998
2022-05-20,599329.0372132065
2022-05-23,603756.397942434
2022-05-24,603030.0742279444
2022-05-25,602693.2575553127
2022-05-26,609557.2940824667
2022-05-27,616268.2817215483
2022-05-30,617059.3889385371
2022-05-31,611295.9502838409
2022-06-01,614475.2739156699
2022-06-02,619188.4963985848
2022-06-03,618574.9582689328
2022-06-06,614156.6729270495
2022-06-07,614771.3826462093
2022-06-08,615218.1005092561
2022-06-09,613403.146117784
2022-06-10,614939.8670707508
2022-06-13,610506.6970467336
2022-06-14,614535.069233888
2022-06-15,609798.9879509512
2022-06-16,607379.6819760306
2022-06-17,603716.132454572
2022-06-20,603444.5518562098
2022-06-21,595777.1501148749
2022-06-22,594011.7794244047
2022-06-23,594510.1369882319
2022-06-24,595888.8551158303
2022-06-27,599723.8292818146
2022-06-28,598134.7363343457
2022-06-29,602522.1182087837
2022-06-30,601132.9941416807
2022-07-01,601704.8705605248
2022-07-04,600622.3497126664
2022-07-05,606159.4069159867
2022-07-06,601993.045891599
2022-07-07,602467.3498951837
2022-07-08,606905.1544509968
2022-07-11,604732.9412494758
2022-07-12,599030.7884946112
2022-07-13,597786.2083500179
2022-07-14,607584.5239731802
2022-07-15,609476.4721589098
2022-07-18,615918.171409236
2022-07-19,610701.5063596165
2022-07-20,606357.0860371325
2022-07-21,601871.8915998798
2022-07-22,590370.1706915926
2022-07-25,587208.007057111
2022-07-26,587504.8920211198
2022-07-27,587360.1837018741
2022-07-28,585705.5928129707
2022-07-29,583824.9926020419
2022-08-01,584964.7192305429
2022-08-02,576937.4109189885
2022-08-03,576450.288669028
2022-08-04,583323.3929172866
2022-08-05,579377.0126022117
2022-08-08,586724.9178471883
2022-08-09,575986.7027271155
2022-08-10,577583.9270761795
2022-08-11,581184.5373985864
2022-08-12,584661.1424422861
2022-08-15,576356.4512376951
2022-08-16,574675.3304353033
2022-08-17,581261.9735150774
2022-08-18,573271.9848013897
2022-08-19,571090.9579222929
2022-08-22,562053.1465578643
2022-08-23,564606.7976782697
2022-08-24,566109.0306199316
2022-08-25,561115.384042459
2022-08-26,565203.9208464412
2022-08-29,561906.1546488171
2022-08-30,552949.0983750448
2022-08-31,557065.0007530269
2022-09-01,566117.5300277817
2022-09-02,564032.2636965956
2022-09-05,565147.7422118401
2022-09-06,572848.498773915
2022-09-07,567156.4889716313
2022-09-08,579535.804466758
2022-09-09,578171.1354662676
2022-09-12,580239.5812148378
2022-09-13,579282.1423095075
2022-09-14,581823.7191953118
2022-09-15,575355.7149393007
2022-09-16,570560.2370487677
2022-09-19,562356.2457960777
2022-09-20,563806.1450330842
2022-09-21,561402.5829707813
2022-09-22,560642.9015616042
2022-09-23,574713.9654103904
2022-09-26,584690.1340145995
2022-09-27,589178.7093521041
2022-09-28,581043.8089987646
2022-09-29,590419.7030261299
2022-09-30,591121.8076445889
2022-10-03,582318.7175052022
2022-10-04,584238.546747964
2022-10-05,582618.3675332582
2022-10-06,579933.8595975761
2022-10-07,582252.0449934108
2022-10-10,580878.2378255181
2022-10-11,574329.8891873178
2022-10-12,585997.9597028884
2022-10-13,588043.3708056626
2022-10-14,577384.6107266343
2022-10-17,574498.4688712461
2022-10-18,574866.9450516521
2022-10-19,565614.4939054588
2022-10-20,564277.7158481495
2022-10-21,567645.3557699984
2022-10-24,569062.5401608784
2022-10-25,567654.8522622754
2022-10-26,570282.2540339669
2022-10-27,572929.1577076403
2022-10-28,572481.9475577922
2022-10-31,572519.485140342
2022-11-01,571120.9585114477
2022-11-02,574974.6005068516
2022-11-03,573971.7585753058
2022-11-04,575165.7461741971
2022-11-07,574425.2890645523
2022-11-08,580257.3023852155
2022-11-09,579897.6304306408
2022-11-10,583044.298426307
2022-11-11,589507.5491931102
2022-11-14,588120.3536806034
2022-11-15,589753.9090997088
2022-11-16,591308.2729873075
2022-11-17,590158.9099929832
2022-11-18,588139.9106181735
2022-11-21,584461.1195154215
2022-11-22,584896.6280574515
2022-11-23,582559.0660517293
2022-11-24,575806.6595452772
2022-11-25,573257.1498744466
2022-11-28,575810.1846806189
2022-11-29,581666.1450236662
2022-11-30,579477.7786579056
2022-12-01,582331.7642838624
2022-12-02,585318.4373691521
2022-12-05,585652.192334882
2022-12-06,582063.2145052988
2022-12-07,580295.1290019351
2022-12-08,580590.3313028032
2022-12-09,584747.4692567631
2022-12-12,581482.408502033
2022-12-13,581277.138578471
2022-12-14,578393.3837412077
2022-12-15,579892.2351413129
2022-12-16,577060.2764336986
2022-12-19,573518.9683787128
2022-12-20,570285.3406832018
2022-12-21,563755.3272055852
2022-12-22,562744.5482958369
2022-12-23,568113.3579356809
2022-12-26,571056.4569730199
2022-12-27,577623.0081655718
2022-12-28,581727.5578102956
2022-12-29,576515.027770485
2022-12-30,572285.2043861344
2023-01-02,571716.0927429483
2023-01-03,570379.9954898701
2023-01-04,563592.3404678877
2023-01-05,566218.4802540452
2023-01-06,570406.4661113325
2023-01-09,571368.0732326386
2023-01-10,564439.194125467
2023-01-11,564863.0634988367
2023-01-12,565098.6172561247
2023-01-13,571736.6948739542
2023-01-16,574863.4449808009
2023-01-17,567927.7907572705
2023-01-18,567375.0698677785
2023-01-19,569459.5423673898
2023-01-20,568615.469932936
2023-01-23,570251.0455150297
2023-01-24,570934.8986100326
2023-01-25,569563.8421254831
2023-01-26,565061.4540199924
2023-01-27,562535.5030900477
2023-01-30,573515.2508280826
2023-01-31,577610.699564545
2023-02-01,578605.855542525
2023-02-02,579864.2053990754
2023-02-03,579826.913945687
2023-02-06,580932.394537797
2023-02-07,582845.9649105943
2023-02-08,587665.0978782674
2023-02-09,588360.6582238474
2023-02-10,584872.0979897792
2023-02-13,589152.6637942581
2023-02-14,591757.5088819196
2023-02-15,590917.3937385529
2023-02-16,591834.1306041793
2023-02-17,595446.7431524385
2023-02-20,593643.6767508939
2023-02-21,586431.1431147007
2023-02-22,587684.6658464728
2023-02-23,595083.7041356168
2023-02-24,600884.3462460139
2023-02-27,605355.1947977345
2023-02-28,611210.1790713992
2023-03-01,605787.737092895
2023-03-02,601117.1778088001
2023-03-03,602681.2312871935
2023-03-06,604158.1399057956
2023-03-07,605328.7324856899
2023-03-08,598762.99850323
2023-03-09,598514.9562869818
2023-03-10,601526.7975972181
2023-03-13,596368.9656421773
2023-03-14,602206.782114262
2023-03-15,604252.7327289374
2023-03-16,604709.811984254
2023-03-17,598431.3766495076
2023-03-20,593021.6040732936
2023-03-21,591695.7696818311
2023-03-22,594844.5722315684
2023-03-23,598540.6038280111
2023-03-24,597955.2287665056
2023-03-27,602610.4238849678
2023-03-28,597759.596460302
2023-03-29,600471.5480996446
2023-03-30,598602.57047552
2023-03-31,598691.1328408237
2023-04-03,595781.6069894073
2023-04-04,595411.598077679
2023-04-05,603212.0914300199
2023-04-06,605476.4382727378
2023-04-07,607984.1637889106
2023-04-10,607212.3826906376
2023-04-11,611880.5822536306
2023-04-12,614905.3139855928
2023-04-13,606032.6676629183
2023-04-14,607065.1068741413
2023-04-17,609565.8593341445
2023-04-18,604072.6559338294
2023-04-19,607222.1998205001
2023-04-20,607354.216874521
2023-04-21,603707.0314758137
2023-04-24,596526.6980781863
2023-04-25,595683.6785897466
2023-04-26,598715.5783564642
2023-04-27,602983.307664601
2023-04-28,601910.0878307738
2023-05-01,606922.3620649998
2023-05-02,610021.4826620456
2023-05-03,609672.32252414
2023-05-04,611606.1388468978
2023-05-05,613767.9116948928
2023-05-08,612378.7452772832
2023-05-09,610545.056451526
2023-05-10,615292.7327199402
2023-05-11,616613.0651118293
2023-05-12,614775.7811142998
2023-05-15,614504.6381828198
2023-05-16,614533.0890095143
2023-05-17,612577.7717374659
2023-05-18,604447.046776383
2023-05-19,598920.0049524772
2023-05-22,607130.1029772646
2023-05-23,600010.3914723592
2023-05-24,606903.4382925632
2023-05-25,614940.9122558703
2023-05-26,618346.3937449411
2023-05-29,620970.0420117797
2023-05-30,615631.6596987587
2023-05-31,612980.3176042148
2023-06-01,608701.9842809617
2023-06-02,606783.3133442396
2023-06-05,604583.185917946
2023-06-06,601902.4361030355
2023-06-07,605109.6015754875
2023-06-08,602665.0224634497
2023-06-09,600420.1555069442
2023-06-12,601491.0749571824
2023-06-13,601566.9154208999
2023-06-14,601566.8500327852
2023-06-15,602452.2088290766
2023-06-16,599714.120621659
2023-06-19,609992.8964814902
2023-06-20,610411.9319034505
2023-06-21,600486.2253714625
2023-06-22,602360.0543288166
2023-06-23,602919.1087224548
2023-06-26,605637.6192596504
2023-06-27,614166.2270988213
2023-06-28,609001.0460241449
2023-06-29,606860.6176786162
2023-06-30,619620.5845191961
2023-07-03,618566.2104932046
2023-07-04,605082.4207516053
2023-07-05,597445.402356779
2023-07-06,590854.0521025278
2023-07-07,591933.0366126641
2023-07-10,595583.1207860832
2023-07-11,603158.2368606043
2023-07-12,600057.5228209373
2023-07-13,595623.2302567236
2023-07-14,605542.7912267423
2023-07-17,608286.1754999969
2023-07-18,603291.7398892171
2023-07-19,602181.5437170367
2023-07-20,601063.0184970107
2023-07-21,595911.4452005408
2023-07-24,601239.2565553575
2023-07-25,604836.6042840073
2023-07-26,606359.9534398094
2023-07-27,604277.8479148458
2023-07-28,609257.2383801503
2023-07-31,612531.7127751252
2023-08-01,614895.2444825143
2023-08-02,611863.5265387362
2023-08-03,608571.5292506638
2023-08-04,606259.4057552721
2023-08-07,611387.508033145
2023-08-08,613959.9364616119
2023-08-09,608598.238648026
2023-08-10,616842.3679034179
2023-08-11,619216.1227581433
2023-08-14,609069.7779828629
2023-08-15,609853.8261279302
2023-08-16,609580.5761114061
2023-08-17,605454.2510027555
2023-08-18,601391.3720079251
2023-08-21,602726.8431579749
2023-08-22,605394.9025744356
2023-08-23,609934.336119799
2023-08-24,610580.743664213
2023-08-25,611500.9905729524
2023-08-28,612154.11157563
2023-08-29,612437.5377537877
2023-08-30,614633.6561691937
2023-08-31,611755.1460196995
2023-09-01,609523.355663795
2023-09-04,613120.9665688353
2023-09-05,617262.3396350491
2023-09-06,620110.0763370495
2023-09-07,620454.8566004783
2023-09-08,621893.0711044902
2023-09-11,629355.4457604184
2023-09-12,631246.1512516602
2023-09-13,629918.3947079678
2023-09-14,630714.9172388976
2023-09-15,630881.7278940165
2023-09-18,630818.4839317199
2023-09-19,638805.5237852631
2023-09-20,640786.3220049937
2023-09-21,645024.217252251
2023-09-22,653242.268388941
2023-09-25,659067.1201042823
2023-09-26,661854.8242652272
2023-09-27,664846.9869113036
2023-09-28,666079.7818688257
2023-09-29,672331.2729399654
2023-10-02,668873.3716540248
2023-10-03,656414.968937975
2023-10-04,650491.1745719307
2023-10-05,655206.0873021836
2023-10-06,654664.9403533426
2023-10-09,650928.2189102294
2023-10-10,643127.2493844067
2023-10-11,642867.135102996
2023-10-12,646650.1027304144
2023-10-13,649895.4969589699
2023-10-16,644782.5975577647
2023-10-17,629577.30025088
2023-10-18,622088.2648851357
2023-10-19,621339.2160756395
2023-10-20,619990.1464992722
2023-10-23,628975.2245897895
2023-10-24,633008.9471552597
2023-10-25,644778.1108873165
2023-10-26,640018.1942333934
2023-10-27,636351.3794262526
2023-10-30,637465.9582491475
2023-10-31,638164.0477450576
2023-11-01,634152.2303347464
2023-11-02,625095.8300370808
2023-11-03,618843.8403207655
2023-11-06,625104.523725093
2023-11-07,621968.1575211684
2023-11-08,625740.3187482604
2023-11-09,619120.8943196264
2023-11-10,627458.0722452933
2023-11-13,635805.785529542
2023-11-14,639277.1819410383
2023-11-15,641635.1711703734
2023-11-16,642282.2334541732
2023-11-17,639812.4067407587
2023-11-20,645090.3655164281
2023-11-21,649821.0803045467
2023-11-22,638753.9639322199
2023-11-23,633026.4582461048
2023-11-24,642334.1319587056
2023-11-27,638033.7047694296
2023-11-28,642983.5158935783
2023-11-29,640706.1398090028
2023-11-30,626388.372828369
2023-12-01,631827.6353613682
2023-12-04,632897.0912006417
2023-12-05,624921.192542226
2023-12-06,628444.8448525311
2023-12-07,628212.9546415432
2023-12-08,628773.4706380242
2023-12-11,629551.0188064586
2023-12-12,641263.1153084582
2023-12-13,640657.670554498
2023-12-14,644216.5276264588
2023-12-15,642759.7006037717
2023-12-18,642570.9806305212
2023-12-19,645707.244513002
2023-12-20,647526.9310831064
2023-12-21,645401.010038129
2023-12-22,646140.8849604763
2023-12-25,653209.8304900965
2023-12-26,666573.3156408023
2023-12-27,673111.2021351615
2023-12-28,669735.6453320917
2023-12-29,674750.8781995567
2024-01-01,676446.4975012128
2024-01-02,679471.8058882167
2024-01-03,679610.9763613469
2024-01-04,677456.2684850809
2024-01-05,681011.9859840688
2024-01-08,684297.3885016288
2024-01-09,669793.6985102403
2024-01-10,678685.7009821079
2024-01-11,691560.478214832
2024-01-12,677514.2089431924
2024-01-15,678140.3342863496
2024-01-16,681641.9525140331
2024-01-17,685200.5116552581
2024-01-18,678640.132665433
2024-01-19,675608.4799068971
2024-01-22,662639.4335217766
2024-01-23,677625.7942764407
2024-01-24,678595.2261388133
2024-01-25,671425.2047514475
2024-01-26,683204.8331698341
2024-01-29,674077.2951836667
2024-01-30,673730.502713767
2024-01-31,668202.7473553701
2024-02-01,672406.9803211757
2024-02-02,667203.2581842812
2024-02-05,664745.6212565578
2024-02-06,674110.871666109
2024-02-07,664163.136048554
2024-02-08,671825.115578156
2024-02-09,672415.8324664393
2024-02-12,668794.0715777157
2024-02-13,664852.388961701
2024-02-14,658068.5307266035
2024-02-15,666730.2990854792
2024-02-16,664818.2580605351
2024-02-19,671257.8261668885
2024-02-20,674811.2554759907
2024-02-21,666273.5525427242
2024-02-22,667073.7731057031
2024-02-23,670170.0161099774
2024-02-26,682642.4794351079
2024-02-27,676509.9583788237
2024-02-28,679723.3581150379
2024-02-29,672470.103198681
2024-03-01,677939.3339749236
2024-03-04,672635.871512852
2024-03-05,672644.2647108666
2024-03-06,671897.0149888457
2024-03-07,666904.1281687121
2024-03-08,661765.2886643886
2024-03-11,655380.5805878809
2024-03-12,653398.0598887047
2024-03-13,657049.3039037811
2024-03-14,659922.3326620667
2024-03-15,659919.7845014816
2024-03-18,661193.3662236677
2024-03-19,659342.4110273137
2024-03-20,666502.4775103683
2024-03-21,668023.3104271104
2024-03-22,660888.7907120597
2024-03-25,667151.9820102823
2024-03-26,671192.9172101495
2024-03-27,666870.3941341382
2024-03-28,664913.9647961513
2024-03-29,661728.9381427143
2024-04-01,663640.9880096143
2024-04-02,657924.2526521902
2024-04-03,658935.64428866
2024-04-04,659731.4911367393
2024-04-05,655452.9343101816
2024-04-08,657602.3731604808
2024-04-09,649695.4281916599
2024-04-10,650228.404625406
2024-04-11,662439.7307929056
2024-04-12,662423.0746108091
2024-04-15,666732.8615342353
2024-04-16,665517.8766771044
2024-04-17,668410.2647668594
2024-04-18,659069.739196147
2024-04-19,654515.0069851084
2024-04-22,652845.4689851282
2024-04-23,662458.8778619592
2024-04-24,662278.605144876
2024-04-25,666005.79170904
2024-04-26,668685.0429313267
2024-04-29,671355.7074400417
2024-04-30,672609.4612232266
2024-05-01,672951.3285381768
2024-05-02,667677.020556752
2024-05-03,674852.5601440486
2024-05-06,676641.5986731262
2024-05-07,676998.5034332051
2024-05-08,673617.581991252
2024-05-09,675690.3254697078
2024-05-10,669009.3925750714
2024-05-13,669563.0279530084
2024-05-14,668144.5688201699
2024-05-15,676541.9611331765
2024-05-16,676091.8226496335
2024-05-17,688918.194574323
2024-05-20,694284.6063960781
2024-05-21,691295.9952949962
2024-05-22,692438.3199198976
2024-05-23,690390.7925035756
2024-05-24,689570.9856443021
2024-05-27,689088.4451433617
2024-05-28,700711.7975484992
2024-05-29,699369.9006715924
2024-05-30,695981.981800161
2024-05-31,695341.5921778987
2024-06-03,692890.044051223
2024-06-04,690388.0573815346
2024-06-05,695061.438016007
2024-06-06,706703.2807823715
2024-06-07,704243.0400061684
2024-06-10,706382.3967452438
2024-06-11,700762.4175424092
2024-06-12,691959.8821653011
2024-06-13,694743.415091438
2024-06-14,705515.7319298787
2024-06-17,704529.2798827833
2024-06-18,700300.2374606854
2024-06-19,701955.9131079253
2024-06-20,692287.0192870746
2024-06-21,689881.7418740316
2024-06-24,681460.6941596644
2024-06-25,677160.0656993963
2024-06-26,682424.3178025701
2024-06-27,678267.8425152609
2024-06-28,683367.3608559491
2024-07-01,684046.8416661166
2024-07-02,675426.7734451827
2024-07-03,673826.5192675665
2024-07-04,671071.9609415899
2024-07-05,664887.9484700959
2024-07-08,662412.0209439229
2024-07-09,667144.7574752516
2024-07-10,662404.1237074705
2024-07-11,668001.3232153674
2024-07-12,666375.3501625974
2024-07-15,671580.9196289189
2024-07-16,668967.0661589132
2024-07-17,673335.6130003409
2024-07-18,666927.9788934462
2024-07-19,671394.5842744277
2024-07-22,669191.9834172466
2024-07-23,666962.9389841924
2024-07-24,663913.8303675475
2024-07-25,667340.7813465304
2024-07-26,673113.1870152993
2024-07-29,673975.3231848911
2024-07-30,680544.5884478856
2024-07-31,677284.265184368
2024-08-01,672505.296978819
2024-08-02,673540.0665236355
2024-08-05,671615.6520452587
2024-08-06,671350.2671599751
2024-08-07,672144.5302292067
2024-08-08,664903.3728026671
2024-08-09,662982.3095951118
2024-08-12,646855.4110762264
2024-08-13,651329.4215999804
2024-08-14,658933.003126811
2024-08-15,661431.8507111095
2024-08-16,669347.4148407117
2024-08-19,667816.1471310715
2024-08-20,662352.8489382778
2024-08-21,665981.2024698027
2024-08-22,670648.2906268674
2024-08-23,663660.3943734099
2024-08-26,660553.1688257492
2024-08-27,657441.8182778616
2024-08-28,655587.5050604928
2024-08-29,651269.0704202356
2024-08-30,647710.9346844226
2024-09-02,665408.7311344079
2024-09-03,662794.0997243114
2024-09-04,669080.515905775
2024-09-05,667658.9232058545
2024-09-06,657432.694202467
2024-09-09,659050.4824254399
2024-09-10,656945.9543971273
2024-09-11,653306.5094243463
2024-09-12,652133.5896317898
2024-09-13,643428.8362108853
2024-09-16,649164.4910279575
2024-09-17,650096.6822045802
2024-09-18,649461.1177240376
2024-09-19,652774.1463972642
2024-09-20,648761.2867534191
2024-09-23,646649.8642506872
2024-09-24,654188.7824631132
2024-09-25,649330.5119188309
2024-09-26,651335.9678438335
2024-09-27,651452.1886216509
2024-09-30,657077.8650184186
2024-10-01,657851.74357567
2024-10-02,649355.2379855828
2024-10-03,651408.7290610138
2024-10-04,662134.9381415304
2024-10-07,665197.4672553522
2024-10-08,659693.919140529
2024-10-09,658574.5187582049
2024-10-10,657006.408890317
2024-10-11,646898.5478885806
2024-10-14,642712.6180140716
2024-10-15,638965.959588129
2024-10-16,640946.6229932157
2024-10-17,635698.3149578712
2024-10-18,635684.143540004
2024-10-21,637077.8128502964
2024-10-22,647469.8445529297
2024-10-23,646325.8394399274
2024-10-24,646821.4987233607
2024-10-25,654680.6236434535
2024-10-28,659035.7780121386
2024-10-29,655422.778011096
2024-10-30,651870.5619085296
2024-10-31,651026.2821771953
2024-11-01,649017.5035231244
2024-11-04,649671.478273587
2024-11-05,649769.3253942364
2024-11-06,655313.896538741
2024-11-07,653414.7653245991
2024-11-08,647290.4142574249
2024-11-11,645345.4488686796
2024-11-12,647959.262266
2024-11-13,653882.7651498707
2024-11-14,649379.7636782727
2024-11-15,646827.185116278
2024-11-18,648877.0329788635
2024-11-19,645320.5955351286
2024-11-20,648352.660458793
2024-11-21,662392.3092868521
2024-11-22,664126.8395999457
2024-11-25,663069.775573679
2024-11-26,663310.1414518631
2024-11-27,668887.092887491
2024-11-28,668330.1555220685
2024-11-29,665116.5792049483
2024-12-02,664039.8443492268
2024-12-03,657325.8098133688
2024-12-04,653967.7009919407
2024-12-05,653048.923404713
2024-12-06,652834.0450741572
2024-12-09,653031.1693640854
2024-12-10,662182.1618988056
2024-12-11,660633.7250178391
2024-12-12,653262.3078668751
2024-12-13,658949.873094484
2024-12-16,660786.7248767897
2024-12-17,658316.8965295681
2024-12-18,664528.6505789745
2024-12-19,666032.8252741217
2024-12-20,664933.7437967414
2024-12-23,664695.0501344546
2024-12-24,661998.7115841897
2024-12-25,662100.8898675531
2024-12-26,657716.7406327242
2024-12-27,657804.2120172487
2024-12-30,660768.4227212005
2024-12-31,660768.4227212005
